{"cameraMode":{"drawMode":0,"name":"Shaded","section":"Shading Mode"},"sceneLighting":false,"audioPlay":false,"sceneViewState":{"m_AlwaysRefresh":false,"showFog":true,"showSkybox":false,"showFlares":true,"showImageEffects":true,"showParticleSystems":true,"showVisualEffectGraphs":true,"m_FxEnabled":true},"in2DMode":false,"pivot":{"x":-0.005863763391971588,"y":-0.01865030825138092,"z":0.11164774745702744},"rotation":{"x":-0.320098876953125,"y":0.6720898747444153,"z":-0.4056170880794525,"w":-0.530393660068512},"size":0.08793993294239044,"orthographic":false}